fulcrum_id,created_at,updated_at,created_by,updated_by,system_created_at,system_updated_at,version,status,project,assigned_to,latitude,longitude,geometry,manufacture_name,manufacturer_short_name,manufacturer_url,panel_description,model_number,model_url,material,panel_shape,panel_diameter_mm,panel_width_mm,panel_height_mm,serial_number,panel_barcode,panel_remarks,panel_photos,panel_photos_caption,panel_photos_url,name_of_contact_person,contact_email_address,owner_barcode,owning_institute,owning_institute_url,owning_institute_address_sub_thoroughfare,owning_institute_address_thoroughfare,owning_institute_address_suite,owning_institute_address_locality,owning_institute_address_sub_admin_area,owning_institute_address_admin_area,owning_institute_address_postal_code,owning_institute_address_country,owning_institute_address_full
74fc0e98-5a56-459d-90fd-8caf4fa62f24,2018-02-09 22:05:50 EST,2018-05-25 16:25:26 EDT,caboscience@gmail.com,etienne.laliberte@umontreal.ca,2018-02-09 22:05:50 EST,2018-05-25 16:25:27 EDT,3,,,etiennelaliberte@gmail.com,,,,SphereOptics,,,,,,,,,,,C7101904,,,,,,Robert Cocciardi,robert.cocciardi@panalytical.com,,,,,,,,,,,,
7d97e5e2-1891-49f3-aaf2-66022db6790d,2018-02-09 22:06:51 EST,2018-05-25 16:25:29 EDT,caboscience@gmail.com,etienne.laliberte@umontreal.ca,2018-02-09 22:06:52 EST,2018-05-25 16:25:31 EDT,3,,,etiennelaliberte@gmail.com,,,,?,,,,,,,,,,,?,,,,,,Etienne Laliberté,etienne.laliberte@umontreal.ca,,,,,,,,,,,,
21f63abb-fdc0-4510-8645-6a318273c25e,2018-05-25 14:17:08 EDT,2018-05-25 16:25:18 EDT,etienne.laliberte@umontreal.ca,etienne.laliberte@umontreal.ca,2018-05-25 14:16:47 EDT,2018-05-25 16:25:19 EDT,9,,,etiennelaliberte@gmail.com,,,,"Labsphere, Inc.",Labsphere,https://www.labsphere.com,1.5” Spectralon,SRS-99-010,https://www.labsphere.com/site/assets/files/2628/pb-13058rev00_sdr_standards.pdf,Spectralon,circular,38.1,,13.97,99AA02-0318-9170,,Laboratory reference disk,"a88de5d7-66b7-44f6-9516-b56bebc02b8b,5e6e21c2-a988-47ac-8ab1-b858389bbf06,7aa42cfb-3372-4faf-b8cb-f8625725408f",",,",https://web.fulcrumapp.com/photos/view?photos=a88de5d7-66b7-44f6-9516-b56bebc02b8b%2C5e6e21c2-a988-47ac-8ab1-b858389bbf06%2C7aa42cfb-3372-4faf-b8cb-f8625725408f,Etienne Laliberté,etienne.laliberte@umontreal.ca,,,http://www.irbv.umontreal.ca,4101,Sherbrooke Est,,Montréal,,Québec,H1X 2B2,Canada,4101 Sherbrooke Est Montréal Québec H1X 2B2 Canada
1dff9c1b-c46d-49d2-be39-18f4fd795a49,2018-05-25 14:35:54 EDT,2018-05-25 15:05:37 EDT,etienne.laliberte@umontreal.ca,etienne.laliberte@umontreal.ca,2018-05-25 14:38:22 EDT,2018-05-25 15:05:16 EDT,3,,,rosalie.beauchamp-rioux@umontreal.ca,,,,"Labsphere, Inc.",Labsphere,http://www.labsphere.com,"1.5"" Spectralon",SRS-99-010,https://www.labsphere.com/site/assets/files/2628/pb-13058rev00_sdr_standards.pdf,Spectralon,circular,38.1,,13.97,99AA02-0318-9712,,Tethered Spectralon calibrated reference on SVC sphere S/N 402,"f83abb48-fa73-4729-b340-ff9e47877be2,367ed6c5-90ce-46c4-b02d-3dc9862df04f,35104f11-49d8-4738-a484-779f9b6aaed8",",,",https://web.fulcrumapp.com/photos/view?photos=f83abb48-fa73-4729-b340-ff9e47877be2%2C367ed6c5-90ce-46c4-b02d-3dc9862df04f%2C35104f11-49d8-4738-a484-779f9b6aaed8,Etienne Laliberté,etienne.laliberte@umontreal.ca,,"Laboratoire d'écologie fonctionnelle végétale, IRBV",http://www.irbv.umontreal.ca,4101,Sherbrooke Est,,Montréal,,Québec,H1X 2B1,Canada,4101 Sherbrooke Est Montréal Québec H1X 2B1 Canada
4d55d943-afbf-4298-9ca7-0776ccfe4bef,2018-05-25 14:49:26 EDT,2018-05-25 16:25:22 EDT,etienne.laliberte@umontreal.ca,etienne.laliberte@umontreal.ca,2018-05-25 14:49:05 EDT,2018-05-25 16:25:24 EDT,6,,,alizee.girard@umontreal.ca,,,,"Labsphere, Inc.",Labsphere,http://www.labsphere.com,"1.5"" Spectralon",SRS-99-010,https://www.labsphere.com/site/assets/files/2628/pb-13058rev00_sdr_standards.pdf,Spectralon,circular,38.1,,13.97,99AA02-0318-9711,,Tethered Spectralon calibrated disk on SVC sphere S/N 403,"f0fbdd20-69e4-41ab-8ebf-f5410f6aa2fd,259fb2b2-7ecc-4107-8d27-86283f2cfcd5",",",https://web.fulcrumapp.com/photos/view?photos=f0fbdd20-69e4-41ab-8ebf-f5410f6aa2fd%2C259fb2b2-7ecc-4107-8d27-86283f2cfcd5,Etienne Laliberté,etienne.laliberte@umontreal.ca,,,,4101,Sherbrooke Est,,Montréal,,Québec,H1X 2B2,Canada,4101 Sherbrooke Est Montréal Québec H1X 2B2 Canada
