fulcrum_id,fulcrum_parent_id,fulcrum_record_id,version,latitude,longitude,geometry,created_at,updated_at,created_by,updated_by,calibration_number,calibration_date,calibrated_by,calibration_remarks,link_to_calibration_files,calibration_document_photos,calibration_document_photos_caption,calibration_document_photos_url
ba748098-3c74-42c8-a42b-c29a2e6f2c94,74fc0e98-5a56-459d-90fd-8caf4fa62f24,74fc0e98-5a56-459d-90fd-8caf4fa62f24,4,,,,2018-05-30 12:06:07 EDT,2018-05-30 13:32:05 EDT,etienne.laliberte@umontreal.ca,etienne.laliberte@umontreal.ca,SG3052/211-c7101904,2007-12-12,SphereOptics,,https://drive.google.com/open?id=0B9SNhVFibrn8b05hcTVGNFNoU0U,,,
02bd5ae8-1e13-48ec-bf97-e7249e295d0b,21f63abb-fdc0-4510-8645-6a318273c25e,21f63abb-fdc0-4510-8645-6a318273c25e,3,,,,2018-05-30 13:17:29 EDT,2018-05-30 13:43:53 EDT,etienne.laliberte@umontreal.ca,etienne.laliberte@umontreal.ca,1,2018-04-10,"Labsphere, Inc.",,https://drive.google.com/open?id=1iNnIeR0CEPidUirAmr3MeX8vssWJqfyi,,,
37ffa45d-4e65-48c5-8b32-bc08e6e710f4,1dff9c1b-c46d-49d2-be39-18f4fd795a49,1dff9c1b-c46d-49d2-be39-18f4fd795a49,3,,,,2018-05-30 13:17:54 EDT,2018-05-30 13:45:19 EDT,etienne.laliberte@umontreal.ca,etienne.laliberte@umontreal.ca,1,2018-04-10,"Labsphere, Inc.",,https://drive.google.com/open?id=1oGth8BnZe0m1XJBfHrF3xYlDRGeDzbM1,,,
80985713-ed1e-438a-94f3-7d0d10d56c7b,4d55d943-afbf-4298-9ca7-0776ccfe4bef,4d55d943-afbf-4298-9ca7-0776ccfe4bef,3,,,,2018-05-30 13:15:43 EDT,2018-05-30 13:44:46 EDT,etienne.laliberte@umontreal.ca,etienne.laliberte@umontreal.ca,1,2018-04-10,"Labsphere, Inc.",,https://drive.google.com/drive/folders/1cgwLeL6KGVELmsYxSDbIu-oBy80NeBJQ?usp=sharing,,,
